{
	"auto" : 
	[
		6,
		3
	],
	"color" : 
	{
		"background" : 
		[
			0.10000000149011612,
			0.10000000149011612,
			0.10000000149011612
		],
		"bordor" : 
		[
			0.89999997615814209,
			0.89999997615814209,
			0.89999997615814209
		],
		"grid" : 
		[
			0.60000002384185791,
			0.60000002384185791,
			0.60000002384185791
		],
		"icon" : 
		[
			0.80000001192092896,
			0.80000001192092896,
			0.80000001192092896,
			1.0
		],
		"iconClick" : 
		[
			1.0,
			1.0,
			1.0,
			0.0
		],
		"text" : 
		[
			0.89999997615814209,
			0.89999997615814209,
			0.89999997615814209
		],
		"trig" : 
		[
			0.89999997615814209,
			0.30000001192092896,
			0.10000000149011612
		],
		"wave" : 
		[
			1.0,
			1.0,
			0.0
		]
	},
	"debug" : 
	[
		600,
		200,
		6.0
	],
	"rate" : 50.0,
	"scroll" : 1.0
}